ID,Tipo,SKU,"GTIN, UPC, EAN o ISBN",Nombre,Publicado,"¿Está destacado?","Visibilidad en el catálogo","Descripción corta",Descripción,"Día en que empieza el precio rebajado","Día en que termina el precio rebajado","Estado del impuesto","Clase de impuesto",¿Existencias?,Inventario,"Cantidad de bajo inventario","¿Permitir reservas de productos agotados?","¿Vendido individualmente?","Peso (kg)","Longitud (cm)","Anchura (cm)","Altura (cm)","¿Permitir valoraciones de clientes?","Nota de compra","Precio rebajado","Precio normal",Categorías,Etiquetas,"Clase de envío",Imágenes,"Límite de descargas","Días de caducidad de la descarga",Superior,"Productos agrupados","Ventas dirigidas","Ventas cruzadas","URL externa","Texto del botón",Posición,"Coste de los productos",Marcas,Marca,"Meta: _wpas_done_all","Meta: _wxr_import_user_slug","Meta: woosw_count","Meta: woosw_add","Meta: _eael_post_view_count","Meta: big_store_sidebar_dyn","Meta: _wc_facebook_sync_enabled_v2","Meta: fb_visibility","Meta: woosw_remove","Nombre del atributo 1","Valor(es) del atributo 1","Atributo visible 1","Atributo global 1","Meta: ekit_post_views_count","ID de la descarga 1","Nombre de la descarga 1","URL de la descarga 1","Nombre del atributo 2","Valor(es) del atributo 2","Atributo visible 2","Atributo global 2","Meta: _templately_import_session_id","Meta: _oembed_1b36688543d4d62a4a94550f822b61eb"
12,simple,,,"Milk Products",1,0,visible,"""At vero eos et accusamus et iusto odio dignissimos ducimus qui blanditiis praesentium voluptatum deleniti atque corrupti quos dolores et quas molestias excepturi sint occaecati cupiditate non provident, similique sunt in culpa qui officia deserunt mollitia animi, id est laborum et dolorum fuga. Et harum quidem rerum facilis est\n\n""At vero eos et accusamus et iusto odio dignissimos ducimus qui blanditiis praesentium voluptatum deleniti atque corrupti quos dolores et quas molestias excepturi sint occaecati cupiditate non provident, similique sunt in culpa qui officia deserunt mollitia animi, id est laborum et dolorum fuga. Et harum quidem rerum facilis est et expedita","""At vero eos et accusamus et iusto odio dignissimos ducimus qui blanditiis praesentium voluptatum deleniti atque corrupti quos dolores et quas molestias excepturi sint occaecati cupiditate non provident, similique sunt in culpa qui officia deserunt mollitia animi, id est laborum et dolorum fuga. Et harum quidem rerum facilis est et expedita distinctio.\n\nNam libero tempore, cum soluta nobis est eligendi optio cumque nihil impedit quo minus id quod maxime placeat facere possimus, omnis voluptas assumenda est, omnis dolor repellendus. Temporibus autem quibusdam et aut officiis debitis aut rerum necessitatibus saepe eveniet ut et voluptates repudiandae sint et molestiae non recusandae. Itaque earum rerum hic tenetur a sapiente delectus, ut aut reiciendis voluptatibus maiores alias consequatur aut perferendis doloribus asperiores repellat.""",,,taxable,,1,,,0,0,,,,,1,,18,20,"Productos nuevos",,,https://stayarta.com/wp-content/uploads/2021/01/milk-products.png,,,,,,,,,0,,,,1,wpthemes,2,1629331073,,,,,,,,,,,,,,,,,,
13,simple,,,"Cakes & Pastries",1,0,visible,"""Sed ut perspiciatis unde omnis iste natus error sit voluptatem accusantium doloremque laudantium, totam rem aperiam, eaque ipsa quae ab illo inventore veritatis et quasi architecto beatae vitae dicta sunt explicabo. Nemo enim ipsam voluptatem quia voluptas sit aspernatur aut odit aut fugit, sed quia consequuntur magni dolores eos qui ratione voluptatem sequi nesciunt. Neque porro quisquam est, qui dolorem ipsum quia dolor sit amet, consectetur, adipisci velit, sed quia non numquam eius modi tempora incidunt ut labore et dolore magnam aliquam quaerat voluptatem.","""Sed ut perspiciatis unde omnis iste natus error sit voluptatem accusantium doloremque laudantium, totam rem aperiam, eaque ipsa quae ab illo inventore veritatis et quasi architecto beatae vitae dicta sunt explicabo.\n\nNemo enim ipsam voluptatem quia voluptas sit aspernatur aut odit aut fugit, sed quia consequuntur magni dolores eos qui ratione voluptatem sequi nesciunt. Neque porro quisquam est, qui dolorem ipsum quia dolor sit amet, consectetur, adipisci velit, sed quia non numquam eius modi tempora incidunt ut labore et dolore magnam aliquam quaerat voluptatem. Ut enim ad minima veniam, quis nostrum exercitationem ullam corporis suscipit laboriosam, nisi ut aliquid ex ea commodi consequatur? Quis autem vel eum iure reprehenderit qui in ea voluptate velit esse quam nihil molestiae consequatur, vel illum qui dolorem eum fugiat quo voluptas nulla pariatur?""",,,taxable,,1,,,0,0,,,,,1,,,22,"Productos nuevos",,,https://stayarta.com/wp-content/uploads/2021/01/cakes-patries.png,,,,,,,,,0,,,,1,wpthemes,2,1625691034,1,,,,,,,,,,,,,,,,,
14,simple,,,"Ice Cream/Novelties",1,0,visible,"""At vero eos et accusamus et iusto odio dignissimos ducimus qui blanditiis praesentium voluptatum deleniti atque corrupti quos dolores et quas molestias excepturi sint occaecati cupiditate non provident, similique sunt in culpa qui officia deserunt mollitia animi, id est laborum et dolorum fuga. Et harum quidem rerum facilis est et expedita distinctio. Nam libero tempore, cum soluta nobis est eligendi optio cumque nihil impedit quo minus id quod maxime placeat facere possimus, omnis voluptas assumenda est, omnis dolor repellendus","""At vero eos et accusamus et iusto odio dignissimos ducimus qui blanditiis praesentium voluptatum deleniti atque corrupti quos dolores et quas molestias excepturi sint occaecati cupiditate non provident, similique sunt in culpa qui officia deserunt mollitia animi, id est laborum et dolorum fuga. Et harum quidem rerum facilis est et expedita distinctio.\n\nNam libero tempore, cum soluta nobis est eligendi optio cumque nihil impedit quo minus id quod maxime placeat facere possimus, omnis voluptas assumenda est, omnis dolor repellendus. Temporibus autem quibusdam et\n\n&nbsp;",,,taxable,,1,,,0,0,,,,,1,,20,24.5,"Productos nuevos",,,https://stayarta.com/wp-content/uploads/2021/01/Ice-Cream-Novelties.png,,,,,,,,,0,,,,1,wpthemes,,,1,,,,,,,,,,,,,,,,,
15,simple,,,"Bath & Handwash",1,0,visible,"""At vero eos et accusamus et iusto odio dignissimos ducimus qui blanditiis praesentium voluptatum deleniti atque corrupti quos dolores et quas molestias excepturi sint occaecati cupiditate non provident, similique sunt in culpa qui officia deserunt mollitia animi, id est laborum et dolorum fuga. Et harum quidem rerum facilis est et expedita distinctio. Nam libero tempore, cum soluta nobis est eligendi optio cumque nihil impedit quo minus id quod maxime placeat facere possimus,","""At vero eos et accusamus et iusto odio dignissimos ducimus qui blanditiis praesentium voluptatum deleniti atque corrupti quos dolores et quas molestias excepturi sint occaecati cupiditate non provident, similique sunt in culpa qui officia deserunt mollitia animi, id est laborum et dolorum fuga. Et harum quidem rerum facilis est et expedita distinctio.\n\nNam libero tempore, cum soluta nobis est eligendi optio cumque nihil impedit quo minus id quod maxime placeat facere possimus, omnis voluptas assumenda est, omnis dolor repellendus. Temporibus autem quibusdam et aut officiis debitis aut rerum necessitatibus saepe eveniet ut et voluptates repudiandae sint et molestiae non recusandae. Itaque earum rerum hic tenetur a sapiente delectus, ut aut reiciendis voluptatibus maiores alias consequatur aut perferendis doloribus asperiores repellat.""",,,taxable,,1,,,0,0,,,,,1,,42.5,45,"Productos nuevos",,,https://stayarta.com/wp-content/uploads/2021/01/bath-handwash.png,,,,,,,,,0,,,,1,wpthemes,2,1629369050,,,,,,,,,,,,,,,,,,
17,simple,,,"Organic Tomatoes",1,0,visible,"<div>\n\n<strong>Lorem Ipsum</strong> is simply dummy text of the printing and typesetting industry. Lorem Ipsum has been the industry's standard dummy text ever since the 1500s, when an unknown printer took a galley of type and scrambled it to make a type specimen book.\n\nIt has survived not only five centuries, but also the leap into electronic typesetting, remaining essentially unchanged.\n\nIt was popularised in the 1960s with the release of Letraset sheets containing Lorem Ipsum passages, and more recently with desktop publishing software like Aldus PageMaker including versions of Lorem Ipsum.\n\n</div>\n<div></div>","<div>\n\n<strong>Lorem Ipsum</strong> is simply dummy text of the printing and typesetting industry. Lorem Ipsum has been the industry's standard dummy text ever since the 1500s, when an unknown printer took a galley of type and scrambled it to make a type specimen book.\n\nIt has survived not only five centuries, but also the leap into electronic typesetting, remaining essentially unchanged.\n\nIt was popularised in the 1960s with the release of Letraset sheets containing Lorem Ipsum passages, and more recently with desktop publishing software like Aldus PageMaker including versions of Lorem Ipsum.\n\n</div>\n<div></div>",,,taxable,,1,,,0,0,,,,,1,,12,15,"Productos nuevos",,,https://stayarta.com/wp-content/uploads/2021/01/organicc-tomatoes.png,,,,,,,,,0,,,,1,wpthemes,1,1616358994,1,,,,,,,,,,,,,,,,,
18,simple,,,"Organic Corn",1,0,visible,"<strong>Lorem Ipsum</strong> is simply dummy text of the printing and typesetting industry. Lorem Ipsum has been the industry’s standard dummy text ever since the 1500s, when an unknown printer took a galley of type and scrambled it to make a type specimen book. It has survived not only five centuries, but also the leap into electronic typesetting, remaining essentially unchanged.","<strong>Lorem Ipsum</strong> is simply dummy text of the printing and typesetting industry. Lorem Ipsum has been the industry’s standard dummy text ever since the 1500s, when an unknown printer took a galley of type and scrambled it to make a type specimen book. It has survived not only five centuries, but also the leap into electronic typesetting, remaining essentially unchanged.",,,taxable,,1,,,0,0,,,,,1,,,20,"Productos nuevos",,,https://stayarta.com/wp-content/uploads/2021/01/organicc-corn.png,,,,,,,,,0,,,,1,wpthemes,1,1625373906,1,,,,,,,,,,,,,,,,,
19,variable,,,"Organic Peas",1,0,visible,"<div>\n\n<strong>Lorem Ipsum</strong> is simply dummy text of the printing and typesetting industry. Lorem Ipsum has been the industry's standard dummy text ever since the 1500s, when an unknown printer took a galley of type and scrambled it to make a type specimen book.\n\nIt has survived not only five centuries, but also the leap into electronic typesetting, remaining essentially unchanged.\n\n</div>","<div>\n\n<strong>Lorem Ipsum</strong> is simply dummy text of the printing and typesetting industry. Lorem Ipsum has been the industry's standard dummy text ever since the 1500s, when an unknown printer took a galley of type and scrambled it to make a type specimen book. It has survived not only five centuries, but also the leap into electronic typesetting, remaining essentially unchanged.\n\nIt was popularised in the 1960s with the release of Letraset sheets containing Lorem Ipsum passages, and more recently with desktop publishing software like Aldus PageMaker including versions of Lorem Ipsum.\n\n</div>\n<div></div>",,,taxable,,0,,,0,0,,,,,1,,,,"Productos nuevos",,,https://stayarta.com/wp-content/uploads/2021/01/organicc-peas.png,,,,,,,,,0,,,,1,wpthemes,,,1,right,yes,yes,,,,,,,,,,,,,,
20,simple,,,"Organic lettuce",1,0,visible,"""Sed ut perspiciatis unde omnis iste natus error sit voluptatem accusantium doloremque laudantium, totam rem aperiam, eaque ipsa quae ab illo inventore veritatis et quasi architecto beatae vitae dicta sunt explicabo. Nemo enim ipsam voluptatem quia voluptas sit aspernatur aut odit aut fugit, sed quia consequuntur magni dolores eos qui ratione voluptatem sequi nesciunt.\n\nNeque porro quisquam est, qui dolorem ipsum quia dolor sit amet, consectetur, adipisci velit, sed quia non numquam eius modi tempora incidunt ut labore et dolore magnam aliquam quaerat voluptatem.\n\n&nbsp;","""Sed ut perspiciatis unde omnis iste natus error sit voluptatem accusantium doloremque laudantium, totam rem aperiam, eaque ipsa quae ab illo inventore veritatis et quasi architecto beatae vitae dicta sunt explicabo. Nemo enim ipsam voluptatem quia voluptas sit aspernatur aut odit aut fugit, sed quia consequuntur magni dolores eos qui ratione voluptatem sequi nesciunt.\n\nNeque porro quisquam est, qui dolorem ipsum quia dolor sit amet, consectetur, adipisci velit, sed quia non numquam eius modi tempora incidunt ut labore et dolore magnam aliquam quaerat voluptatem.",,,taxable,,1,,,0,0,,,,,1,,,20,"Productos nuevos",,,https://stayarta.com/wp-content/uploads/2021/01/organicc-lettuce.png,,,,,,,,,0,,,,1,wpthemes,,,1,,,,,,,,,,,,,,,,,
21,simple,,,"Organic Broccoli",1,0,visible,"""Sed ut perspiciatis unde omnis iste natus error sit voluptatem accusantium doloremque laudantium, totam rem aperiam, eaque ipsa quae ab illo inventore veritatis et quasi architecto beatae vitae dicta sunt explicabo. Nemo enim ipsam voluptatem quia voluptas sit aspernatur aut odit aut fugit, sed quia consequuntur magni dolores eos qui ratione voluptatem sequi nesciunt. Neque porro quisquam est, qui dolorem ipsum quia dolor sit amet, consectetur, adipisci velit, sed quia non numquam\n\n&nbsp;","""Sed ut perspiciatis unde omnis iste natus error sit voluptatem accusantium doloremque laudantium, totam rem aperiam, eaque ipsa quae ab illo inventore veritatis et quasi architecto beatae vitae dicta sunt explicabo. Nemo enim ipsam voluptatem quia voluptas sit aspernatur aut odit aut fugit, sed quia consequuntur magni dolores eos qui ratione voluptatem sequi nesciunt.\n\nNeque porro quisquam est, qui dolorem ipsum quia dolor sit amet, consectetur, adipisci velit, sed quia non numquam eius modi tempora incidunt ut labore et dolore magnam aliquam quaerat voluptatem. Ut enim ad minima veniam, quis nostrum exercitationem ullam corporis suscipit laboriosam, nisi ut aliquid ex ea commodi consequatur? Quis autem vel eum iure reprehenderit qui in ea voluptate velit esse quam nihil molestiae consequatur, vel illum qui dolorem eum fugiat quo voluptas nulla pariatur?""",,,taxable,,1,,,0,0,,,,,1,,,22,"Productos nuevos",,,https://stayarta.com/wp-content/uploads/2021/01/organicc-brocolli.png,,,,,,,,,0,,,,1,wpthemes,,1622475633,1,,,,1622479823,,,,,,,,,,,,,
22,simple,,,"Organic Green Chillies",1,0,visible,"here are many variations of passages of Lorem Ipsum available, but the majority have suffered alteration in some form, by injected humour, or randomised words which don't look even slightly believable. If you are going to use a passage of Lorem Ipsum, you need to be sure there isn't anything embarrassing hidden in the middle of text.\n\nAll the Lorem Ipsum generators on the Internet tend to repeat predefined chunks as necessary, making this the first true generator on the Internet.\n\n&nbsp;","There are many variations of passages of Lorem Ipsum available, but the majority have suffered alteration in some form, by injected humour, or randomised words which don't look even slightly believable. If you are going to use a passage of Lorem Ipsum, you need to be sure there isn't anything embarrassing hidden in the middle of text.\n\nAll the Lorem Ipsum generators on the Internet tend to repeat predefined chunks as necessary, making this the first true generator on the Internet. It uses a dictionary of over 200 Latin words, combined with a handful of model sentence structures, to generate Lorem Ipsum which looks reasonable. The generated Lorem Ipsum is therefore always free from repetition, injected humour, or non-characteristic words etc.",,,taxable,,1,,,0,0,,,,,1,,,10,"Productos nuevos",,,https://stayarta.com/wp-content/uploads/2021/01/organicc-green-chillies.png,,,,,"id:18, id:17",,,,0,,,,1,wpthemes,,,1,,,,,,,,,,,,,,,,,
23,simple,,,"Organic Banana",1,0,visible,"<div>\n\n<strong>Lorem Ipsum</strong> is simply dummy text of the printing and typesetting industry. Lorem Ipsum has been the industry's standard dummy text ever since the 1500s, when an unknown printer took a galley of type and scrambled it to make a type specimen book.\n\nIt has survived not only five centuries, but also the leap into electronic typesetting, remaining essentially unchanged.\n\n&nbsp;\n\n</div>\n<div></div>","<div>\n\n<strong>Lorem Ipsum</strong> is simply dummy text of the printing and typesetting industry. Lorem Ipsum has been the industry's standard dummy text ever since the 1500s, when an unknown printer took a galley of type and scrambled it to make a type specimen book. It has survived not only five centuries, but also the leap into electronic typesetting, remaining essentially unchanged.\n\nIt was popularised in the 1960s with the release of Letraset sheets containing Lorem Ipsum passages, and more recently with desktop publishing software like Aldus PageMaker including versions of Lorem Ipsum.\n\n</div>\n<div></div>",,,taxable,,1,,,0,0,,,,,1,,,,"Productos nuevos",,,https://stayarta.com/wp-content/uploads/2021/01/organicc-banana.png,,,,,"id:24, id:25",,,,0,,,,1,wpthemes,1,1626031844,1,right,,,,,,,,,,,,,,,,
25,simple,,,"Organic Grapes",1,0,visible,"<div>\n\n<strong>Lorem Ipsum</strong> is simply dummy text of the printing and typesetting industry. Lorem Ipsum has been the industry's standard dummy text ever since the 1500s, when an unknown printer took a galley of type and scrambled it to make a type specimen book. It has survived not only five centuries, but also the leap into electronic typesetting, remaining essentially unchanged.\n\n&nbsp;\n\n</div>","<div>\n\n<strong>Lorem Ipsum</strong> is simply dummy text of the printing and typesetting industry. Lorem Ipsum has been the industry's standard dummy text ever since the 1500s, when an unknown printer took a galley of type and scrambled it to make a type specimen book.\n\nIt has survived not only five centuries, but also the leap into electronic typesetting, remaining essentially unchanged.\n\nIt was popularised in the 1960s with the release of Letraset sheets containing Lorem Ipsum passages, and more recently with desktop publishing software like Aldus PageMaker including versions of Lorem Ipsum.\n\n</div>\n<div></div>",,,taxable,,1,,,0,0,,,,,1,,,,"Productos nuevos",,,https://stayarta.com/wp-content/uploads/2021/01/organicc-grapes.png,,,,,id:18,,,,0,,,,1,wpthemes,1,1623546638,1,right,,,,,,,,,,,,,,,,
28,simple,,,"Edible Oil & Ghee",1,0,visible,"""Sed ut perspiciatis unde omnis iste natus error sit voluptatem accusantium doloremque laudantium, totam rem aperiam, eaque ipsa quae ab illo inventore veritatis et quasi architecto beatae vitae dicta sunt explicabo. Nemo enim ipsam voluptatem quia voluptas sit aspernatur aut odit aut fugit, sed quia consequuntur magni dolores eos qui ratione voluptatem sequi nesciunt. Neque porro quisquam est, qui dolorem ipsum quia dolor sit amet, consectetur, adipisci velit, sed quia non numquam eius modi tempora incidunt ut labore et dolore magnam aliquam quaerat voluptatem. Ut enim ad minima veniam, quis nostrum exercitationem ullam corporis suscipit laboriosam, nisi ut aliquid ex ea commodi consequatur? Quis autem vel eum iure reprehenderit qui in ea voluptate velit esse quam nihil molestiae consequatur, vel illum qui dolorem eum fugiat quo voluptas nulla pariatur?""","""Sed ut perspiciatis unde omnis iste natus error sit voluptatem accusantium doloremque laudantium, totam rem aperiam, eaque ipsa quae ab illo inventore veritatis et quasi architecto beatae vitae dicta sunt explicabo. Nemo enim ipsam voluptatem quia voluptas sit aspernatur aut odit aut fugit, sed quia consequuntur magni dolores eos qui ratione voluptatem sequi nesciunt. Neque porro quisquam est, qui dolorem ipsum quia dolor sit amet, consectetur, adipisci velit, sed quia non numquam eius modi tempora incidunt ut labore et dolore magnam aliquam quaerat voluptatem. Ut enim ad minima veniam, quis nostrum exercitationem ullam corporis suscipit laboriosam, nisi ut aliquid ex ea commodi consequatur? Quis autem vel eum iure reprehenderit qui in ea voluptate velit esse quam nihil molestiae consequatur, vel illum qui dolorem eum fugiat quo voluptas nulla pariatur?""",,,taxable,,1,,,0,0,,,,,1,,45,50,"Productos nuevos",,,https://stayarta.com/wp-content/uploads/2021/01/Edible-oil-ghee.png,,,,,,,,,0,,,,1,wpthemes,,,1,,,,,,,,,,,,,,,,,
29,simple,,,"Hair Care",1,0,visible,"""At vero eos et accusamus et iusto odio dignissimos ducimus qui blanditiis praesentium voluptatum deleniti atque corrupti quos dolores et quas molestias excepturi sint occaecati cupiditate non provident, similique sunt in culpa qui officia deserunt mollitia animi, id est laborum et dolorum fuga. Et harum quidem rerum facilis est et expedita distinctio. Nam libero tempore, cum soluta nobis est eligendi optio cumque nihil impedit quo minus id quod maxime placeat facere possimus,\n\nomnis voluptas assumenda est, omnis dolor repellendus. Temporibus autem quibusdam et aut officiis debitis aut rerum necessitatibus saepe eveniet ut et voluptates repudiandae sint et molestiae non recusandae. Itaque earum rerum hic tenetur a sapiente delectus, ut aut reiciendis voluptatibus maiores alias consequatur aut perferendis doloribus asperiores repellat.""","""At vero eos et accusamus et iusto odio dignissimos ducimus qui blanditiis praesentium voluptatum deleniti atque corrupti quos dolores et quas molestias excepturi sint occaecati cupiditate non provident, similique sunt in culpa qui officia deserunt mollitia animi, id est laborum et dolorum fuga. Et harum quidem rerum facilis est et expedita distinctio.\n\nNam libero tempore, cum soluta nobis est eligendi optio cumque nihil impedit quo minus id quod maxime placeat facere possimus, omnis voluptas assumenda est, omnis dolor repellendus. Temporibus autem quibusdam et aut officiis debitis aut rerum necessitatibus saepe eveniet ut et voluptates repudiandae sint et molestiae non recusandae.\n\n&nbsp;\n\n&nbsp;\n\n&nbsp;\n\n&nbsp;",,,taxable,,1,,,0,0,,,,,1,,52,55,"Productos nuevos",,,https://stayarta.com/wp-content/uploads/2021/01/Hair-Care.png,,,,,id:30,,,,0,,,,1,wpthemes,,,1,,,,,,,,,,,,,,,,,
66,variation,woo-hoodie-blue,,"Vivamus maximus purus - No",1,0,visible,,"Lorem ipsum dolor sit amet, consectetur adipiscing elit. Vestibulum sagittis orci ac odio dictum tincidunt. Donec ut metus leo. Class aptent taciti sociosqu ad litora torquent per conubia nostra, per inceptos himenaeos. Sed luctus, dui eu sagittis sodales, nulla nibh sagittis augue, vel porttitor diam enim non metus. Vestibulum aliquam augue neque. Phasellus tincidunt odio eget ullamcorper efficitur. Cras placerat ut turpis pellentesque vulputate. Nam sed consequat tortor. Curabitur finibus sapien dolor. Ut eleifend tellus nec erat pulvinar dignissim. Nam non arcu purus. Vivamus et massa massa.",,,taxable,parent,0,,,0,0,,,,,0,,,45,,,,,,,woo-hoodie,,,,,,3,,,,,wpthemes,,,,,,,,Logo,No,,0,,,,,,,,,
67,variation,woo-hoodie-blue-logo,,"Vivamus maximus purus - Yes",1,0,visible,,"Lorem ipsum dolor sit amet, consectetur adipiscing elit. Vestibulum sagittis orci ac odio dictum tincidunt. Donec ut metus leo. Class aptent taciti sociosqu ad litora torquent per conubia nostra, per inceptos himenaeos. Sed luctus, dui eu sagittis sodales, nulla nibh sagittis augue, vel porttitor diam enim non metus. Vestibulum aliquam augue neque. Phasellus tincidunt odio eget ullamcorper efficitur. Cras placerat ut turpis pellentesque vulputate. Nam sed consequat tortor. Curabitur finibus sapien dolor. Ut eleifend tellus nec erat pulvinar dignissim. Nam non arcu purus. Vivamus et massa massa.",,,taxable,parent,0,,,0,0,,,,,0,,,45,,,,,,,woo-hoodie,,,,,,0,,,,,wpthemes,,,,,,,,Logo,Yes,,0,,,,,,,,,
71,simple,woo-sunglasses,,Sunglasses,1,1,visible,"Pellentesque habitant morbi tristique senectus et netus et malesuada fames ac turpis egestas. Vestibulum tortor quam, feugiat vitae, ultricies eget, tempor sit amet, ante. Donec eu libero sit amet quam egestas semper. Aenean ultricies mi vitae est. Mauris placerat eleifend leo.","Pellentesque habitant morbi tristique senectus et netus et malesuada fames ac turpis egestas. Vestibulum tortor quam, feugiat vitae, ultricies eget, tempor sit amet, ante. Donec eu libero sit amet quam egestas semper. Aenean ultricies mi vitae est. Mauris placerat eleifend leo.",,,taxable,,1,,,0,0,,,,,1,,,90,"Mas vendidos, Productos nuevos",,,https://stayarta.com/wp-content/uploads/2021/01/product11.png,,,,,,,,,0,,,,1,wpthemes,9,1628769504,2,,,,,,,,,1,,,,,,,,
72,variable,woo-long-sleeve-tee,,"Long Sleeve Tee",1,0,visible,"Pellentesque habitant morbi tristique senectus et netus et malesuada fames ac turpis egestas. Vestibulum tortor quam, feugiat vitae, ultricies eget, tempor sit amet, ante. Donec eu libero sit amet quam egestas semper. Aenean ultricies mi vitae est. Mauris placerat eleifend leo.","Pellentesque habitant morbi tristique senectus et netus et malesuada fames ac turpis egestas. Vestibulum tortor quam, feugiat vitae, ultricies eget, tempor sit amet, ante. Donec eu libero sit amet quam egestas semper. Aenean ultricies mi vitae est. Mauris placerat eleifend leo.",,,taxable,,0,,,0,0,,,,,1,,,,"Mas vendidos, Productos nuevos",,,https://stayarta.com/wp-content/uploads/2021/01/p20.png,,,,,,,,,0,,,,1,wpthemes,6,1628180185,2,right,yes,yes,,,,,,1,,,,,,,,
74,"simple, downloadable, virtual",woo-single,,Single,1,1,visible,"Pellentesque habitant morbi tristique senectus et netus et malesuada fames ac turpis egestas. Vestibulum tortor quam, feugiat vitae, ultricies eget, tempor sit amet, ante. Donec eu libero sit amet quam egestas semper. Aenean ultricies mi vitae est. Mauris placerat eleifend leo.","Lorem ipsum dolor sit amet, consectetur adipiscing elit. Vestibulum sagittis orci ac odio dictum tincidunt. Donec ut metus leo. Class aptent taciti sociosqu ad litora torquent per conubia nostra, per inceptos himenaeos. Sed luctus, dui eu sagittis sodales, nulla nibh sagittis augue, vel porttitor diam enim non metus. Vestibulum aliquam augue neque. Phasellus tincidunt odio eget ullamcorper efficitur. Cras placerat ut turpis pellentesque vulputate. Nam sed consequat tortor. Curabitur finibus sapien dolor. Ut eleifend tellus nec erat pulvinar dignissim. Nam non arcu purus. Vivamus et massa massa.",,,taxable,,1,,,0,0,,,,,1,,2,3,"Productos nuevos",,,https://stayarta.com/wp-content/uploads/2021/01/p10.png,1,1,,,,,,,0,,,,1,wpthemes,1,1620029984,,,,,,,,,,,a35a0239-5bbc-4b4f-86fa-79f99b0fe0f3,Single,https://demo.woothemes.com/woocommerce/wp-content/uploads/sites/56/2017/08/single.jpg,,,,,
75,variable,Woo-tshirt-logo,,"T-Shirt with Logo",1,0,visible,"Pellentesque habitant morbi tristique senectus et netus et malesuada fames ac turpis egestas. Vestibulum tortor quam, feugiat vitae, ultricies eget, tempor sit amet, ante. Donec eu libero sit amet quam egestas semper. Aenean ultricies mi vitae est. Mauris placerat eleifend leo.","Pellentesque habitant morbi tristique senectus et netus et malesuada fames ac turpis egestas. Vestibulum tortor quam, feugiat vitae, ultricies eget, tempor sit amet, ante. Donec eu libero sit amet quam egestas semper. Aenean ultricies mi vitae est. Mauris placerat eleifend leo.",,,taxable,,0,,,0,0,,,,,1,,,,"Mas vendidos, Productos nuevos",,,https://stayarta.com/wp-content/uploads/2021/01/product7.png,,,,,,,,,0,,,,1,wpthemes,11,1629439423,1,right,yes,yes,,,,,,,,,,,,,,
76,variable,Woo-beanie-logo,,"Beanie with Logo",1,0,visible,"Pellentesque habitant morbi tristique senectus et netus et malesuada fames ac turpis egestas. Vestibulum tortor quam, feugiat vitae, ultricies eget, tempor sit amet, ante. Donec eu libero sit amet quam egestas semper. Aenean ultricies mi vitae est. Mauris placerat eleifend leo.","Pellentesque habitant morbi tristique senectus et netus et malesuada fames ac turpis egestas. Vestibulum tortor quam, feugiat vitae, ultricies eget, tempor sit amet, ante. Donec eu libero sit amet quam egestas semper. Aenean ultricies mi vitae est. Mauris placerat eleifend leo.",,,taxable,,0,,,0,0,,,,,1,,,,"Productos nuevos",,,https://stayarta.com/wp-content/uploads/2021/01/product16.png,,,,,,,,,0,,,,1,wpthemes,4,1621313064,1,,yes,yes,,,,,,1,,,,,,,,
77,variable,Woo-tshirt-logo-1,,"T-Shirt with Log",1,0,visible,"Pellentesque habitant morbi tristique senectus et netus et malesuada fames ac turpis egestas. Vestibulum tortor quam, feugiat vitae, ultricies eget, tempor sit amet, ante. Donec eu libero sit amet quam egestas semper. Aenean ultricies mi vitae est. Mauris placerat eleifend leo.","Pellentesque habitant morbi tristique senectus et netus et malesuada fames ac turpis egestas. Vestibulum tortor quam, feugiat vitae, ultricies eget, tempor sit amet, ante. Donec eu libero sit amet quam egestas semper. Aenean ultricies mi vitae est. Mauris placerat eleifend leo.",,,taxable,,0,,,0,0,,,,,1,,,,"Productos nuevos",,,https://stayarta.com/wp-content/uploads/2021/01/p9.png,,,,,,,,,0,,,,1,wpthemes,5,1625929979,1,right,yes,yes,,,,,,,,,,,,,,
78,variable,Woo-beanie-logo-1,,"Beanie with Log",1,0,visible,"Pellentesque habitant morbi tristique senectus et netus et malesuada fames ac turpis egestas. Vestibulum tortor quam, feugiat vitae, ultricies eget, tempor sit amet, ante. Donec eu libero sit amet quam egestas semper. Aenean ultricies mi vitae est. Mauris placerat eleifend leo.","Pellentesque habitant morbi tristique senectus et netus et malesuada fames ac turpis egestas. Vestibulum tortor quam, feugiat vitae, ultricies eget, tempor sit amet, ante. Donec eu libero sit amet quam egestas semper. Aenean ultricies mi vitae est. Mauris placerat eleifend leo.",,,taxable,,0,,,0,0,,,,,1,,,,"Mas vendidos, Productos nuevos",,,https://stayarta.com/wp-content/uploads/2021/01/p8.png,,,,,,,,,0,,,,1,wpthemes,10,1628778444,1,right,yes,yes,1623004127,,,,,,,,,,,,,
79,simple,,,Bath,1,0,visible,"""At vero eos et accusamus et iusto odio dignissimos ducimus qui blanditiis praesentium voluptatum deleniti atque corrupti quos dolores et quas molestias excepturi sint occaecati cupiditate non provident, similique sunt in culpa qui officia deserunt mollitia animi, id est laborum et dolorum fuga. Et harum quidem rerum facilis est et expedita distinctio. Nam libero tempore, cum soluta nobis est eligendi optio cumque nihil impedit quo minus id quod maxime placeat facere possimus,","""At vero eos et accusamus et iusto odio dignissimos ducimus qui blanditiis praesentium voluptatum deleniti atque corrupti quos dolores et quas molestias excepturi sint occaecati cupiditate non provident, similique sunt in culpa qui officia deserunt mollitia animi, id est laborum et dolorum fuga. Et harum quidem rerum facilis est et expedita distinctio.\n\nNam libero tempore, cum soluta nobis est eligendi optio cumque nihil impedit quo minus id quod maxime placeat facere possimus, omnis voluptas assumenda est, omnis dolor repellendus. Temporibus autem quibusdam et aut officiis debitis aut rerum necessitatibus saepe eveniet ut et voluptates repudiandae sint et molestiae non recusandae. Itaque earum rerum hic tenetur a sapiente delectus, ut aut reiciendis voluptatibus maiores alias consequatur aut perferendis doloribus asperiores repellat.""",,,taxable,,1,,,0,0,,,,,1,,42.5,45,"Productos nuevos",,,https://stayarta.com/wp-content/uploads/2021/01/bath-handwash.png,,,,,,,,,0,,,,1,wpthemes,3,1626175016,1,,,,,,,,,,,,,,,,,
80,simple,,,Cosmetics,1,0,visible,"""At vero eos et accusamus et iusto odio dignissimos ducimus qui blanditiis praesentium voluptatum deleniti atque corrupti quos dolores et quas molestias excepturi sint occaecati cupiditate non provident, similique sunt in culpa qui officia deserunt mollitia animi, id est laborum et dolorum fuga. Et harum quidem rerum facilis est et expedita distinctio. Nam libero tempore, cum soluta nobis est eligendi optio cumque nihil impedit quo minus id quod maxime placeat facere possimus,","""At vero eos et accusamus et iusto odio dignissimos ducimus qui blanditiis praesentium voluptatum deleniti atque corrupti quos dolores et quas molestias excepturi sint occaecati cupiditate non provident, similique sunt in culpa qui officia deserunt mollitia animi, id est laborum et dolorum fuga. Et harum quidem rerum facilis est et expedita distinctio.\n\nNam libero tempore, cum soluta nobis est eligendi optio cumque nihil impedit quo minus id quod maxime placeat facere possimus, omnis voluptas assumenda est, omnis dolor repellendus. Temporibus autem quibusdam et aut officiis debitis aut rerum necessitatibus saepe eveniet ut et voluptates repudiandae sint et molestiae non recusandae. Itaque earum rerum hic tenetur a sapiente delectus, ut aut reiciendis voluptatibus maiores alias consequatur aut perferendis doloribus asperiores repellat.""",,,taxable,,1,,,0,0,,,,,1,,,,"Mas vendidos, Productos nuevos",,,https://stayarta.com/wp-content/uploads/2021/01/cosmetic.png,,,,,,,,,0,,,,1,wpthemes,9,1629406997,2,right,,,1628107466,,,,,,,,,,,,,
81,simple,,,"Beauty Product",1,0,visible,"""At vero eos et accusamus et iusto odio dignissimos ducimus qui blanditiis praesentium voluptatum deleniti atque corrupti quos dolores et quas molestias excepturi sint occaecati cupiditate non provident, similique sunt in culpa qui officia deserunt mollitia animi, id est laborum et dolorum fuga. Et harum quidem rerum facilis est et expedita distinctio. Nam libero tempore, cum soluta nobis est eligendi optio cumque nihil impedit quo minus id quod maxime placeat facere possimus,","""At vero eos et accusamus et iusto odio dignissimos ducimus qui blanditiis praesentium voluptatum deleniti atque corrupti quos dolores et quas molestias excepturi sint occaecati cupiditate non provident, similique sunt in culpa qui officia deserunt mollitia animi, id est laborum et dolorum fuga. Et harum quidem rerum facilis est et expedita distinctio.\n\nNam libero tempore, cum soluta nobis est eligendi optio cumque nihil impedit quo minus id quod maxime placeat facere possimus, omnis voluptas assumenda est, omnis dolor repellendus. Temporibus autem quibusdam et aut officiis debitis aut rerum necessitatibus saepe eveniet ut et voluptates repudiandae sint et molestiae non recusandae. Itaque earum rerum hic tenetur a sapiente delectus, ut aut reiciendis voluptatibus maiores alias consequatur aut perferendis doloribus asperiores repellat.""",,,taxable,,1,,,0,0,,,,,1,,,,"Mas vendidos, Productos nuevos",,,https://stayarta.com/wp-content/uploads/2021/01/beauty.png,,,,,,,,,0,,,,1,wpthemes,12,1628769498,1,right,,,,,,,,1,,,,,,,,
82,simple,,,Soyabean,1,0,visible,"""Sed ut perspiciatis unde omnis iste natus error sit voluptatem accusantium doloremque laudantium, totam rem aperiam, eaque ipsa quae ab illo inventore veritatis et quasi architecto beatae vitae dicta sunt explicabo. Nemo enim ipsam voluptatem quia voluptas sit aspernatur aut odit aut fugit, sed quia consequuntur magni dolores eos qui ratione\n\nvoluptatem sequi nesciunt. Neque porro quisquam est, qui dolorem ipsum quia dolor sit amet, consectetur, adipisci velit, sed quia non numquam eius modi tempora incidunt ut labore et dolore magnam aliquam quaerat voluptatem. Ut enim ad minima veniam, quis nostrum exercitationem ullam corporis suscipit laboriosam, nisi ut aliquid ex ea commodi consequatur? Quis autem vel eum iure reprehenderit qui in ea voluptate velit esse quam nihil molestiae consequatur, vel illum qui dolorem eum fugiat quo voluptas nulla pariatur?""","""Sed ut perspiciatis unde omnis iste natus error sit voluptatem accusantium doloremque laudantium, totam rem aperiam, eaque ipsa quae ab illo inventore veritatis et quasi architecto beatae vitae dicta sunt explicabo. Nemo enim ipsam voluptatem quia voluptas sit aspernatur aut odit aut fugit, sed quia consequuntur magni dolores eos qui ratione voluptatem sequi nesciunt. Neque porro quisquam est, qui dolorem ipsum quia dolor sit amet, consectetur, adipisci velit, sed quia non numquam eius modi tempora incidunt ut\n\nlabore et dolore magnam aliquam quaerat voluptatem. Ut enim ad minima veniam, quis nostrum exercitationem ullam corporis suscipit laboriosam, nisi ut aliquid ex ea commodi consequatur? Quis autem vel eum iure reprehenderit qui in ea voluptate velit esse quam nihil molestiae consequatur, vel illum qui dolorem eum fugiat quo voluptas nulla pariatur?""",,,taxable,,1,,,0,0,,,,,1,,80,100,"Productos nuevos",,,https://stayarta.com/wp-content/uploads/2021/01/food-gran-1.png,,,,,,,,,0,,,,1,wpthemes,1,1616697778,,,,,,,,,,,,,,,,,,
322,variation,,,"Long Sleeve Tee - black",1,0,visible,,,,,taxable,parent,1,,,0,0,,,,,0,,88,99,,,,https://stayarta.com/wp-content/uploads/2021/01/product16.png,,,woo-long-sleeve-tee,,,,,,1,,,,,wpthemes,,,,,,,,pa_color,black,,1,,,,,,,,,
323,variation,,,"Long Sleeve Tee - white",1,0,visible,,,,,taxable,parent,1,,,0,0,,,,,0,,77,99,,,,https://stayarta.com/wp-content/uploads/2021/01/product7.png,,,woo-long-sleeve-tee,,,,,,2,,,,,wpthemes,,,,,,,,pa_color,white,,1,,,,,,,,,
324,variation,,,"Long Sleeve Tee - yellow",1,0,visible,,,,,taxable,parent,1,,,0,0,,,,,0,,66,99,,,,https://stayarta.com/wp-content/uploads/2021/01/p20.png,,,woo-long-sleeve-tee,,,,,,3,,,,,wpthemes,,,,,,,,pa_color,yellow,,1,,,,,,,,,
346,variation,,,"Organic Peas - 1kg",1,0,visible,,,,,taxable,parent,1,,,0,0,,,,,0,,26,30,,,,,,,id:19,,,,,,1,,,,,wpthemes,,,,,,,,pa_kg,1kg,,1,,,,,,,,,
347,variation,,,"Organic Peas - 3kg",1,0,visible,,,,,taxable,parent,1,,,0,0,,,,,0,,86,90,,,,,,,id:19,,,,,,2,,,,,wpthemes,,,,,,,,pa_kg,3kg,,1,,,,,,,,,
348,variation,,,"Organic Peas - 5kg",1,0,visible,,,,,taxable,parent,1,,,0,0,,,,,0,,140,150,,,,,,,id:19,,,,,,3,,,,,wpthemes,,,,,,,,pa_kg,5kg,,1,,,,,,,,,
352,variation,,,"T-Shirt with Logo - black",1,0,visible,,,,,taxable,parent,1,,,0,0,,,,,0,,88,99,,,,https://stayarta.com/wp-content/uploads/2021/01/product16.png,,,Woo-tshirt-logo,,,,,,1,,,,,wpthemes,,,,,,,,pa_color,black,,1,,,,,,,,,
353,variation,,,"T-Shirt with Logo - brown",1,0,visible,,,,,taxable,parent,1,,,0,0,,,,,0,,88,99,,,,https://stayarta.com/wp-content/uploads/2021/01/p17.png,,,Woo-tshirt-logo,,,,,,2,,,,,wpthemes,,,,,,,,pa_color,brown,,1,,,,,,,,,
354,variation,,,"T-Shirt with Logo - yellow",1,0,visible,,,,,taxable,parent,1,,,0,0,,,,,0,,88,99,,,,https://stayarta.com/wp-content/uploads/2021/01/p20.png,,,Woo-tshirt-logo,,,,,,3,,,,,wpthemes,,,,,,,,pa_color,yellow,,1,,,,,,,,,
358,variation,,,"T-Shirt with Log - black, m",1,0,visible,,,,,taxable,parent,1,3,,0,0,,,,,0,,62,64,,,,https://stayarta.com/wp-content/uploads/2021/01/p8.png,,,Woo-tshirt-logo-1,,,,,,2,,,,,wpthemes,,,,,,,,pa_color,black,,1,,,,,pa_size,m,,1,
359,variation,,,"T-Shirt with Log - black, xl",1,0,visible,,,,,taxable,parent,1,1,,0,0,,,,,0,,84,88,,,,https://stayarta.com/wp-content/uploads/2021/01/p10.png,,,Woo-tshirt-logo-1,,,,,,3,,,,,wpthemes,,,,,,,,pa_color,black,,1,,,,,pa_size,xl,,1,
360,variation,,,"T-Shirt with Log - gray, l",1,0,visible,,,,,taxable,parent,1,2,,0,0,,,,,0,,70,75,,,,https://stayarta.com/wp-content/uploads/2021/01/p9.png,,,Woo-tshirt-logo-1,,,,,,4,,,,,wpthemes,,,,,,,,pa_color,gray,,1,,,,,pa_size,l,,1,
365,variation,,,"T-Shirt with Log - yellow, xl",1,0,visible,,,,,taxable,parent,1,1,,0,0,,,,,0,,93,95,,,,https://stayarta.com/wp-content/uploads/2021/01/p20.png,,,Woo-tshirt-logo-1,,,,,,7,,,,,wpthemes,,,,,,,,pa_color,yellow,,1,,,,,pa_size,xl,,1,
366,variation,,,"Polo - black, xl",1,0,visible,,,,,taxable,parent,1,2,,0,0,,,,,0,,72,75,,,,https://stayarta.com/wp-content/uploads/2021/01/p10.png,,,woo-polo,,,,,,1,,,,,wpthemes,,,,,,,,pa_color,black,,1,,,,,pa_size,xl,,1,
368,variation,,,"Polo - gray, xl",1,0,visible,,,,,taxable,parent,1,1,,0,0,,,,,0,,38,40,,,,https://stayarta.com/wp-content/uploads/2021/01/p9.png,,,woo-polo,,,,,,3,,,,,wpthemes,,,,,,,,pa_color,gray,,1,,,,,pa_size,xl,,1,
373,variation,,,"Beanie with Log - cap-sleeves, xl",1,0,visible,,,,,taxable,parent,1,1,,0,0,,,,,0,,95,99,,,,https://stayarta.com/wp-content/uploads/2021/01/product7.png,,,Woo-beanie-logo-1,,,,,,1,,,,,wpthemes,,,,,,,,pa_image,cap-sleeves,,1,,,,,pa_size,xl,,1,
374,variation,,,"Beanie with Log - cap-sleeves, xxl",1,0,visible,,,,,taxable,parent,1,5,,0,0,,,,,0,,120,125,,,,https://stayarta.com/wp-content/uploads/2021/01/p8.png,,,Woo-beanie-logo-1,,,,,,2,,,,,wpthemes,,,,,,,,pa_image,cap-sleeves,,1,,,,,pa_size,xxl,,1,
375,variation,,,"Beanie with Log - raglan-sleeve, xl",1,0,visible,,,,,taxable,parent,1,,,0,0,,,,,0,,100,110,,,,https://stayarta.com/wp-content/uploads/2021/01/p10.png,,,Woo-beanie-logo-1,,,,,,3,,,,,wpthemes,,,,,,,,pa_image,raglan-sleeve,,1,,,,,pa_size,xl,,1,
376,variation,,,"Beanie with Log - raglan-sleeve, xxl",1,0,visible,,,,,taxable,parent,1,1,,0,0,,,,,0,,130,135,,,,https://stayarta.com/wp-content/uploads/2021/01/product16.png,,,Woo-beanie-logo-1,,,,,,4,,,,,wpthemes,,,,,,,,pa_image,raglan-sleeve,,1,,,,,pa_size,xxl,,1,
377,variation,,,"Beanie with Logo - black, xl",1,0,visible,,,,,taxable,parent,1,1,,0,0,,,,,0,,75,77,,,,https://stayarta.com/wp-content/uploads/2021/01/p8.png,,,Woo-beanie-logo,,,,,,1,,,,,wpthemes,,,,,,,,pa_color,black,,1,,,,,pa_size,xl,,1,
378,variation,,,"Beanie with Logo - black, xxl",1,0,visible,,,,,taxable,parent,1,1,,0,0,,,,,0,,95,99,,,,https://stayarta.com/wp-content/uploads/2021/01/product16.png,,,Woo-beanie-logo,,,,,,2,,,,,wpthemes,,,,,,,,pa_color,black,,1,,,,,pa_size,xxl,,1,
379,variation,,,"Beanie with Logo - brown, xl",1,0,visible,,,,,taxable,parent,1,2,,0,0,,,,,0,,90,93,,,,https://stayarta.com/wp-content/uploads/2021/01/p17.png,,,Woo-beanie-logo,,,,,,3,,,,,wpthemes,,,,,,,,pa_color,brown,,1,,,,,pa_size,xl,,1,
1581,simple,,,"Stiletto Sandals",1,0,visible,,"Lorem ipsum dolor sit amet, consectetur adipiscing elit, sed do eiusmod tempor incididunt ut labore et dolore magna aliqua. Ut enim ad minim veniam, quis nostrud exercitation ullamco laboris nisi ut aliquip ex ea commodo consequat. Duis aute irure dolor in reprehenderit in voluptate velit esse cillum dolore eu fugiat nulla pariatur. Excepteur sint occaecat cupidatat non proident, sunt in culpa qui officia deserunt mollit anim id est laborum.",,,taxable,,1,,,0,0,,,,,1,,,97.00,"Productos nuevos",,,https://stayarta.com/wp-content/uploads/2020/11/37eb5802-16.jpg,,,,,,,,,0,,,,,,,,2456,,,,,,,,,1,,,,,,,,683700bf77472
1582,simple,,,"Stiletto Sandals",1,0,visible,,"Lorem ipsum dolor sit amet, consectetur adipiscing elit, sed do eiusmod tempor incididunt ut labore et dolore magna aliqua. Ut enim ad minim veniam, quis nostrud exercitation ullamco laboris nisi ut aliquip ex ea commodo consequat. Duis aute irure dolor in reprehenderit in voluptate velit esse cillum dolore eu fugiat nulla pariatur. Excepteur sint occaecat cupidatat non proident, sunt in culpa qui officia deserunt mollit anim id est laborum.",,,taxable,,1,,,0,0,,,,,1,,,97.00,"Productos nuevos",,,https://stayarta.com/wp-content/uploads/2020/11/b98e243d-15.jpg,,,,,,,,,0,,,,,,,,2350,,,,,,,,,,,,,,,,,683700bf77472,
1583,simple,,,"Stiletto Sandals",1,0,visible,,"Lorem ipsum dolor sit amet, consectetur adipiscing elit, sed do eiusmod tempor incididunt ut labore et dolore magna aliqua. Ut enim ad minim veniam, quis nostrud exercitation ullamco laboris nisi ut aliquip ex ea commodo consequat. Duis aute irure dolor in reprehenderit in voluptate velit esse cillum dolore eu fugiat nulla pariatur. Excepteur sint occaecat cupidatat non proident, sunt in culpa qui officia deserunt mollit anim id est laborum.",,,taxable,,1,,,0,0,,,,,1,,,97.00,"Productos nuevos",,,https://stayarta.com/wp-content/uploads/2020/11/b19414b2-14.jpg,,,,,,,,,0,,,,,,,,2264,,,,,,,,,,,,,,,,,683700bf77472,
1584,simple,,,"Stiletto Sandals",1,0,visible,,"Lorem ipsum dolor sit amet, consectetur adipiscing elit, sed do eiusmod tempor incididunt ut labore et dolore magna aliqua. Ut enim ad minim veniam, quis nostrud exercitation ullamco laboris nisi ut aliquip ex ea commodo consequat. Duis aute irure dolor in reprehenderit in voluptate velit esse cillum dolore eu fugiat nulla pariatur. Excepteur sint occaecat cupidatat non proident, sunt in culpa qui officia deserunt mollit anim id est laborum.",,,taxable,,1,,,0,0,,,,,1,,,97.00,"Productos nuevos",,,https://stayarta.com/wp-content/uploads/2020/11/02b0069b-13.jpg,,,,,,,,,0,,,,,,,,2411,,,,,,,,,,,,,,,,,683700bf77472,
1585,simple,,,"Stiletto Sandals",1,0,visible,,"Lorem ipsum dolor sit amet, consectetur adipiscing elit, sed do eiusmod tempor incididunt ut labore et dolore magna aliqua. Ut enim ad minim veniam, quis nostrud exercitation ullamco laboris nisi ut aliquip ex ea commodo consequat. Duis aute irure dolor in reprehenderit in voluptate velit esse cillum dolore eu fugiat nulla pariatur. Excepteur sint occaecat cupidatat non proident, sunt in culpa qui officia deserunt mollit anim id est laborum.",,,taxable,,1,,,0,0,,,,,1,,,97.00,"Productos nuevos",,,https://stayarta.com/wp-content/uploads/2020/11/8fe1944c-12.jpg,,,,,,,,,0,,,,,,,,2432,,,,,,,,,,,,,,,,,683700bf77472,
1586,simple,,,"Stiletto Sandals",1,0,visible,,"Lorem ipsum dolor sit amet, consectetur adipiscing elit, sed do eiusmod tempor incididunt ut labore et dolore magna aliqua. Ut enim ad minim veniam, quis nostrud exercitation ullamco laboris nisi ut aliquip ex ea commodo consequat. Duis aute irure dolor in reprehenderit in voluptate velit esse cillum dolore eu fugiat nulla pariatur. Excepteur sint occaecat cupidatat non proident, sunt in culpa qui officia deserunt mollit anim id est laborum.",,,taxable,,1,,,0,0,,,,,1,,89.00,97.00,"Productos nuevos",,,https://stayarta.com/wp-content/uploads/2020/11/56123727-11.jpg,,,,,,,,,0,,,,,,,,2368,,,,,,,,,1,,,,,,,,683700bf77472,
1587,simple,,,"Stiletto Sandals",1,0,visible,,"Lorem ipsum dolor sit amet, consectetur adipiscing elit, sed do eiusmod tempor incididunt ut labore et dolore magna aliqua. Ut enim ad minim veniam, quis nostrud exercitation ullamco laboris nisi ut aliquip ex ea commodo consequat. Duis aute irure dolor in reprehenderit in voluptate velit esse cillum dolore eu fugiat nulla pariatur. Excepteur sint occaecat cupidatat non proident, sunt in culpa qui officia deserunt mollit anim id est laborum.",,,taxable,,1,,,0,0,,,,,1,,,97.00,"Productos nuevos",,,https://stayarta.com/wp-content/uploads/2020/11/0082511d-10.jpg,,,,,,,,,0,,,,,,,,2325,,,,,,,,,1,,,,,,,,683700bf77472,
1588,simple,,,"Stiletto Sandals",1,0,visible,,"Lorem ipsum dolor sit amet, consectetur adipiscing elit, sed do eiusmod tempor incididunt ut labore et dolore magna aliqua. Ut enim ad minim veniam, quis nostrud exercitation ullamco laboris nisi ut aliquip ex ea commodo consequat. Duis aute irure dolor in reprehenderit in voluptate velit esse cillum dolore eu fugiat nulla pariatur. Excepteur sint occaecat cupidatat non proident, sunt in culpa qui officia deserunt mollit anim id est laborum.",,,taxable,,1,,,0,0,,,,,1,,,97.00,"Productos nuevos",,,https://stayarta.com/wp-content/uploads/2020/11/4dfd0a5a-9.jpg,,,,,,,,,0,,,,,,,,2413,,,,,,,,,,,,,,,,,683700bf77472,
1589,simple,,,"Champagne Heels",1,0,visible,,"Lorem ipsum dolor sit amet, consectetur adipiscing elit, sed do eiusmod tempor incididunt ut labore et dolore magna aliqua. Ut enim ad minim veniam, quis nostrud exercitation ullamco laboris nisi ut aliquip ex ea commodo consequat. Duis aute irure dolor in reprehenderit in voluptate velit esse cillum dolore eu fugiat nulla pariatur. Excepteur sint occaecat cupidatat non proident, sunt in culpa qui officia deserunt mollit anim id est laborum.",,,taxable,,1,,,0,0,,,,,1,,,97.00,"Productos nuevos",,,https://stayarta.com/wp-content/uploads/2020/11/c660251d-8.jpg,,,,,,,,,0,,,,,,,,2407,,,,,,,,,,,,,,,,,683700bf77472,
1590,simple,,,"Dove White Heels",1,0,visible,,"Lorem ipsum dolor sit amet, consectetur adipiscing elit, sed do eiusmod tempor incididunt ut labore et dolore magna aliqua. Ut enim ad minim veniam, quis nostrud exercitation ullamco laboris nisi ut aliquip ex ea commodo consequat. Duis aute irure dolor in reprehenderit in voluptate velit esse cillum dolore eu fugiat nulla pariatur. Excepteur sint occaecat cupidatat non proident, sunt in culpa qui officia deserunt mollit anim id est laborum.",,,taxable,,1,,,0,0,,,,,1,,,97.00,"Productos nuevos",,,https://stayarta.com/wp-content/uploads/2020/11/360698e5-7.jpg,,,,,,,,,0,,,,,,,,2427,,,,,,,,,,,,,,,,,683700bf77472,
1591,simple,,,"Strapped Stilettos",1,0,visible,,"Lorem ipsum dolor sit amet, consectetur adipiscing elit, sed do eiusmod tempor incididunt ut labore et dolore magna aliqua. Ut enim ad minim veniam, quis nostrud exercitation ullamco laboris nisi ut aliquip ex ea commodo consequat. Duis aute irure dolor in reprehenderit in voluptate velit esse cillum dolore eu fugiat nulla pariatur. Excepteur sint occaecat cupidatat non proident, sunt in culpa qui officia deserunt mollit anim id est laborum.",,,taxable,,1,,,0,0,,,,,1,,,97.00,"Productos nuevos",,,https://stayarta.com/wp-content/uploads/2020/11/b19414b2-14.jpg,,,,,,,,,0,,,,,,,,2460,,,,,,,,,,,,,,,,,683700bf77472,
1592,simple,,,"Short Heels",1,0,visible,,"Lorem ipsum dolor sit amet, consectetur adipiscing elit, sed do eiusmod tempor incididunt ut labore et dolore magna aliqua. Ut enim ad minim veniam, quis nostrud exercitation ullamco laboris nisi ut aliquip ex ea commodo consequat. Duis aute irure dolor in reprehenderit in voluptate velit esse cillum dolore eu fugiat nulla pariatur. Excepteur sint occaecat cupidatat non proident, sunt in culpa qui officia deserunt mollit anim id est laborum.",,,taxable,,1,,,0,0,,,,,1,,,97.00,"Productos nuevos",,,https://stayarta.com/wp-content/uploads/2020/11/5f43917a-5.jpg,,,,,,,,,0,,,,,,,,2344,,,,,,,,,1,,,,,,,,683700bf77472,
1593,simple,,,"Heeled Boots",1,0,visible,,"Lorem ipsum dolor sit amet, consectetur adipiscing elit, sed do eiusmod tempor incididunt ut labore et dolore magna aliqua. Ut enim ad minim veniam, quis nostrud exercitation ullamco laboris nisi ut aliquip ex ea commodo consequat. Duis aute irure dolor in reprehenderit in voluptate velit esse cillum dolore eu fugiat nulla pariatur. Excepteur sint occaecat cupidatat non proident, sunt in culpa qui officia deserunt mollit anim id est laborum.",,,taxable,,1,,,0,0,,,,,1,,,97.00,"Productos nuevos",,,https://stayarta.com/wp-content/uploads/2020/11/9061292c-4.jpg,,,,,,,,,0,,,,,,,,2492,,,,,,,,,1,,,,,,,,683700bf77472,
1594,simple,,,"Summer Heels",1,0,visible,,"Lorem ipsum dolor sit amet, consectetur adipiscing elit, sed do eiusmod tempor incididunt ut labore et dolore magna aliqua. Ut enim ad minim veniam, quis nostrud exercitation ullamco laboris nisi ut aliquip ex ea commodo consequat. Duis aute irure dolor in reprehenderit in voluptate velit esse cillum dolore eu fugiat nulla pariatur. Excepteur sint occaecat cupidatat non proident, sunt in culpa qui officia deserunt mollit anim id est laborum.",,,taxable,,1,,,0,0,,,,,1,,89.00,97.00,"Productos nuevos",,,https://stayarta.com/wp-content/uploads/2020/11/840ca575-3.jpg,,,,,,,,,0,,,,,,,,2585,,,,,,,,,,,,,,,,,683700bf77472,
1595,simple,,,"Party Pink",1,0,visible,,"Lorem ipsum dolor sit amet, consectetur adipiscing elit, sed do eiusmod tempor incididunt ut labore et dolore magna aliqua. Ut enim ad minim veniam, quis nostrud exercitation ullamco laboris nisi ut aliquip ex ea commodo consequat. Duis aute irure dolor in reprehenderit in voluptate velit esse cillum dolore eu fugiat nulla pariatur. Excepteur sint occaecat cupidatat non proident, sunt in culpa qui officia deserunt mollit anim id est laborum.",,,taxable,,1,,,0,0,,,,,1,,,97.00,"Productos nuevos",,,https://stayarta.com/wp-content/uploads/2020/11/f2d4aa4b-2.jpg,,,,,,,,,0,,,,,,,,2442,,,,,,,,,1,,,,,,,,683700bf77472,
1596,simple,,,"Black Formals",1,0,visible,,"Lorem ipsum dolor sit amet, consectetur adipiscing elit, sed do eiusmod tempor incididunt ut labore et dolore magna aliqua. Ut enim ad minim veniam, quis nostrud exercitation ullamco laboris nisi ut aliquip ex ea commodo consequat. Duis aute irure dolor in reprehenderit in voluptate velit esse cillum dolore eu fugiat nulla pariatur. Excepteur sint occaecat cupidatat non proident, sunt in culpa qui officia deserunt mollit anim id est laborum.",,,taxable,,1,,,0,0,,,,,1,,,97.00,"Productos nuevos",,,https://stayarta.com/wp-content/uploads/2020/11/e8c2398b-1.jpg,,,,,,,,,0,,,,,,,,2490,,,,,,,,,,,,,,,,,683700bf77472,
1597,simple,,,"Cherry Heels",1,0,visible,,"Lorem ipsum dolor sit amet, consectetur adipiscing elit, sed do eiusmod tempor incididunt ut labore et dolore magna aliqua. Ut enim ad minim veniam, quis nostrud exercitation ullamco laboris nisi ut aliquip ex ea commodo consequat. Duis aute irure dolor in reprehenderit in voluptate velit esse cillum dolore eu fugiat nulla pariatur. Excepteur sint occaecat cupidatat non proident, sunt in culpa qui officia deserunt mollit anim id est laborum.",,,taxable,,1,,,0,0,,,,,1,,,45.00,"Productos nuevos",,,https://stayarta.com/wp-content/uploads/2020/11/b8e355e8-6.jpg,,,,,,,,,0,,,,,,,,2330,,,,,,,,,,,,,,,,,683700bf77472,
1598,simple,,,"Champagne Heels",1,0,visible,,"Lorem ipsum dolor sit amet, consectetur adipiscing elit, sed do eiusmod tempor incididunt ut labore et dolore magna aliqua. Ut enim ad minim veniam, quis nostrud exercitation ullamco laboris nisi ut aliquip ex ea commodo consequat. Duis aute irure dolor in reprehenderit in voluptate velit esse cillum dolore eu fugiat nulla pariatur. Excepteur sint occaecat cupidatat non proident, sunt in culpa qui officia deserunt mollit anim id est laborum.",,,taxable,,1,,,0,0,,,,,1,,,45.00,"Productos nuevos",,,https://stayarta.com/wp-content/uploads/2020/11/140cca1d-5.jpg,,,,,,,,,0,,,,,,,,2482,,,,,,,,,,,,,,,,,683700bf77472,
1599,simple,,,"Strapped Stilettos",1,0,visible,,"Lorem ipsum dolor sit amet, consectetur adipiscing elit, sed do eiusmod tempor incididunt ut labore et dolore magna aliqua. Ut enim ad minim veniam, quis nostrud exercitation ullamco laboris nisi ut aliquip ex ea commodo consequat. Duis aute irure dolor in reprehenderit in voluptate velit esse cillum dolore eu fugiat nulla pariatur. Excepteur sint occaecat cupidatat non proident, sunt in culpa qui officia deserunt mollit anim id est laborum.",,,taxable,,1,,,0,0,,,,,1,,,97.00,"Productos nuevos",,,https://stayarta.com/wp-content/uploads/2020/11/50902161-4.jpg,,,,,,,,,0,,,,,,,,2359,,,,,,,,,,,,,,,,,683700bf77472,
1600,simple,,,"Slip On Moccasins",1,0,visible,,"Lorem ipsum dolor sit amet, consectetur adipiscing elit, sed do eiusmod tempor incididunt ut labore et dolore magna aliqua. Ut enim ad minim veniam, quis nostrud exercitation ullamco laboris nisi ut aliquip ex ea commodo consequat. Duis aute irure dolor in reprehenderit in voluptate velit esse cillum dolore eu fugiat nulla pariatur. Excepteur sint occaecat cupidatat non proident, sunt in culpa qui officia deserunt mollit anim id est laborum.",,,taxable,,1,,,0,0,,,,,1,,,75.00,"Productos nuevos",,,https://stayarta.com/wp-content/uploads/2020/11/50448f75-3.jpg,,,,,,,,,0,,,,,,,,2498,,,,,,,,,,,,,,,,,683700bf77472,
1614,simple,,,"Dove White Heels",1,0,visible,,"Lorem ipsum dolor sit amet, consectetur adipiscing elit, sed do eiusmod tempor incididunt ut labore et dolore magna aliqua. Ut enim ad minim veniam, quis nostrud exercitation ullamco laboris nisi ut aliquip ex ea commodo consequat. Duis aute irure dolor in reprehenderit in voluptate velit esse cillum dolore eu fugiat nulla pariatur. Excepteur sint occaecat cupidatat non proident, sunt in culpa qui officia deserunt mollit anim id est laborum.",,,taxable,,1,,,0,0,,,,,1,,,45.00,"Productos nuevos",,,https://stayarta.com/wp-content/uploads/2020/11/e4d00728-2.jpg,,,,,,,,,0,,,,,,,,2532,,,,,,,,,,,,,,,,,683700bf77472,
1615,simple,,,"Beige Stilettos",1,0,visible,,"Lorem ipsum dolor sit amet, consectetur adipiscing elit, sed do eiusmod tempor incididunt ut labore et dolore magna aliqua. Ut enim ad minim veniam, quis nostrud exercitation ullamco laboris nisi ut aliquip ex ea commodo consequat. Duis aute irure dolor in reprehenderit in voluptate velit esse cillum dolore eu fugiat nulla pariatur. Excepteur sint occaecat cupidatat non proident, sunt in culpa qui officia deserunt mollit anim id est laborum.",,,taxable,,1,,,0,0,,,,,1,,,45.00,"Productos nuevos",,,https://stayarta.com/wp-content/uploads/2020/11/010ead24-1.jpg,,,,,,,,,0,,,,,,,,2638,,,,,,,,,1,,,,,,,,683700bf77472,{{unknown}}
1616,simple,,,"Learn Python Programming Masterclass",1,0,visible,"John doe, Mario speed, David",,,,taxable,,1,,,0,0,,,,,0,,44.99,89.99,"Productos nuevos",,,https://stayarta.com/wp-content/uploads/2021/06/b32321a0-image8.png,,,,,,,,,0,,,,,,,,1964,,,,,,,,,,,,,,,,,683700bf77472,
1617,simple,,,"Learn Python Programming Masterclass",1,0,visible,"John doe, Mario speed, David",,,,taxable,,1,,,0,0,,,,,0,,44.99,89.99,"Productos nuevos",,,https://stayarta.com/wp-content/uploads/2021/06/076ccfe0-image9.png,,,,,,,,,0,,,,,,,,2147,,,,,,,,,,,,,,,,,683700bf77472,
1618,simple,,,"Learn Python Programming Masterclass",1,0,visible,"John doe, Mario speed, David",,,,taxable,,1,,,0,0,,,,,0,,44.99,89.99,"Productos nuevos",,,https://stayarta.com/wp-content/uploads/2021/06/297c6a78-image0.png,,,,,,,,,0,,,,,,,,2092,,,,,,,,,2,,,,,,,,683700bf77472,
1619,simple,,,"Leather Jacket",1,0,visible,"Lorem Ipsum is simply dummy text of the printing and typesetting industry. Lorem Ipsum has been the industry’s standard dummy text ever since the 1500s, when an unknown printer took a galley of type and scrambled it to make a type specimen book. It has survived not only five centuries, but also the leap into electronic typesetting, remaining essentially unchanged. It was popularised in the 1960s with the release of Letraset sheets containing Lorem Ipsum passages, and more recently with desktop publishing software like Aldus PageMaker including versions of Lorem Ipsum","This winter, look bold and sexy in our stylish new leather jackets for men. Enjoy the soft, luxurious comfort of premium leather while staying warm even when you’re out in the cold.",,,taxable,,1,,,0,0,,,,,0,,140,200,"Productos nuevos",,,https://stayarta.com/wp-content/uploads/2024/05/image-1.png,,,,,,,,,0,,,,,,,,947,,,,,,,,,,,,,,,,,683700bf77472,
3385,simple,,,"Skin Care",1,0,visible,"""At vero eos et accusamus et iusto odio dignissimos ducimus qui blanditiis praesentium voluptatum deleniti atque corrupti quos dolores et quas molestias excepturi sint occaecati cupiditate non provident, similique sunt in culpa qui officia deserunt mollitia animi, id est laborum et dolorum fuga. Et harum quidem rerum facilis est et expedita distinctio. Nam libero tempore, cum soluta nobis\n\nest eligendi optio cumque nihil impedit quo minus id quod maxime placeat facere possimus, omnis voluptas assumenda est, omnis dolor repellendus. Temporibus autem quibusdam et aut officiis debitis aut rerum necessitatibus saepe eveniet ut et voluptates repudiandae sint et molestiae non recusandae. Itaque earum rerum hic tenetur a sapiente delectus, ut aut reiciendis voluptatibus maiores alias consequatur aut perferendis doloribus asperiores repellat.""","""At vero eos et accusamus et iusto odio dignissimos ducimus qui blanditiis praesentium voluptatum deleniti atque corrupti quos dolores et quas molestias excepturi sint occaecati cupiditate non provident, similique sunt in culpa qui officia deserunt mollitia animi, id est laborum et dolorum fuga. Et harum quidem rerum facilis est et expedita distinctio. Nam libero tempore, cum soluta nobis est eligendi optio cumque nihil impedit quo minus id quod maxime placeat facere possimus, omnis voluptas assumenda est,\n\nomnis dolor repellendus. Temporibus autem quibusdam et aut officiis debitis aut rerum necessitatibus saepe eveniet ut et voluptates repudiandae sint et molestiae non recusandae. Itaque earum rerum hic tenetur a sapiente delectus, ut aut reiciendis voluptatibus maiores alias consequatur aut perferendis doloribus asperiores repellat.""",,,taxable,,1,,,0,0,,,,,1,,48,60,"Productos nuevos",,,https://stayarta.com/wp-content/uploads/2021/01/skin-care.png,,,,,id:29,,,,0,,,,1,wpthemes,1,1618792166,,,,,,,,,,,,,,,,,,,
3386,simple,,,"Organic Potatoes",1,0,visible,"<div>\n\n<strong>Lorem Ipsum</strong> is simply dummy text of the printing and typesetting industry. Lorem Ipsum has been the industry's standard dummy text ever since the 1500s, when an unknown printer took a galley of type and scrambled it to make a type specimen book. It has survived not only five centuries, but also the leap into electronic typesetting, remaining essentially unchanged.\n\n&nbsp;\n\n</div>","<div>\n\n<strong>Lorem Ipsum</strong> is simply dummy text of the printing and typesetting industry. Lorem Ipsum has been the industry's standard dummy text ever since the 1500s, when an unknown printer took a galley of type and scrambled it to make a type specimen book.\n\nIt has survived not only five centuries, but also the leap into electronic typesetting, remaining essentially unchanged. It was popularised in the 1960s with the release of Letraset sheets containing Lorem Ipsum passages, and more recently with desktop publishing software like Aldus PageMaker including versions of Lorem Ipsum.\n\n</div>\n<div></div>",,,taxable,,1,,,0,0,,,,,1,,,,"Productos nuevos",,,https://stayarta.com/wp-content/uploads/2021/01/organicc-potatoes.png,,,,,,,,,0,,,,1,wpthemes,3,1628751800,,right,,,,,,,,,,,,,,,,,
3387,simple,,,"Cras bibendum enim justo",1,0,visible,"<div class=""woocommerce-product-details__short-description"">\n\nPellentesque habitant morbi tristique senectus et netus et malesuada fames ac turpis egestas. Vestibulum tortor quam, feugiat vitae, ultricies eget, tempor sit amet, ante. Donec eu libero sit amet quam egestas semper. Aenean ultricies mi vitae est. Mauris placerat eleifend leo.\n\n</div>\n<form class=""cart"" action=""https://wpthemes.themehunk.com/open-mart/product/long-sleeve-tee/"" enctype=""multipart/form-data"" method=""post"">\n<div class=""open-mart-quantity""></div>\n</form>","Pellentesque habitant morbi tristique senectus et netus et malesuada fames ac turpis egestas. Vestibulum tortor quam, feugiat vitae, ultricies eget, tempor sit amet, ante. Donec eu libero sit amet quam egestas semper. Aenean ultricies mi vitae est. Mauris placerat eleifend leo.",,,taxable,,1,,,0,0,,,,,1,,,300,"Productos nuevos",,,https://stayarta.com/wp-content/uploads/2021/01/p3.png,,,,,,,,,0,,,,1,wpthemes,3,1627243517,,right,,,,,,,,,,,,,,,,,
3388,variable,woo-hoodie,,"Vivamus maximus purus",1,0,visible,"This is a variable product.","Pellentesque habitant morbi tristique senectus et netus et malesuada fames ac turpis egestas. Vestibulum tortor quam, feugiat vitae, ultricies eget, tempor sit amet, ante. Donec eu libero sit amet quam egestas semper. Aenean ultricies mi vitae est. Mauris placerat eleifend leo.",,,taxable,,0,,,0,0,,,,,1,,,,"Productos nuevos",,,https://stayarta.com/wp-content/uploads/2021/01/p2.png,,,,,,,,,0,,,,1,wpthemes,1,1623800271,,,yes,yes,,Logo,"Yes, No",1,0,,,,,,,,,,
3389,simple,woo-hoodie-with-logo,,"Pellentesque habitant morb",1,0,visible,"This is a simple product.","Pellentesque habitant morbi tristique senectus et netus et malesuada fames ac turpis egestas. Vestibulum tortor quam, feugiat vitae, ultricies eget, tempor sit amet, ante. Donec eu libero sit amet quam egestas semper. Aenean ultricies mi vitae est. Mauris placerat eleifend leo.",,,taxable,,1,,,0,0,,,,,1,,,,"Mas vendidos, Productos nuevos",,,https://stayarta.com/wp-content/uploads/2021/01/p1.png,,,,,,,,,0,,,,1,wpthemes,4,1628107501,1,right,,,1628107516,,,,,,,,,,,,,,
3390,variation,woo-hoodie-red,,"Vivamus maximus purus - No",1,0,visible,,"Lorem ipsum dolor sit amet, consectetur adipiscing elit. Vestibulum sagittis orci ac odio dictum tincidunt. Donec ut metus leo. Class aptent taciti sociosqu ad litora torquent per conubia nostra, per inceptos himenaeos. Sed luctus, dui eu sagittis sodales, nulla nibh sagittis augue, vel porttitor diam enim non metus. Vestibulum aliquam augue neque. Phasellus tincidunt odio eget ullamcorper efficitur. Cras placerat ut turpis pellentesque vulputate. Nam sed consequat tortor. Curabitur finibus sapien dolor. Ut eleifend tellus nec erat pulvinar dignissim. Nam non arcu purus. Vivamus et massa massa.",,,taxable,parent,0,,,0,0,,,,,0,,42,45,,,,,,,woo-hoodie,,,,,,1,,,,,wpthemes,,,,,,,,Logo,No,,0,,,,,,,,,,
3391,variation,woo-hoodie-green,,"Vivamus maximus purus - No",1,0,visible,,"Lorem ipsum dolor sit amet, consectetur adipiscing elit. Vestibulum sagittis orci ac odio dictum tincidunt. Donec ut metus leo. Class aptent taciti sociosqu ad litora torquent per conubia nostra, per inceptos himenaeos. Sed luctus, dui eu sagittis sodales, nulla nibh sagittis augue, vel porttitor diam enim non metus. Vestibulum aliquam augue neque. Phasellus tincidunt odio eget ullamcorper efficitur. Cras placerat ut turpis pellentesque vulputate. Nam sed consequat tortor. Curabitur finibus sapien dolor. Ut eleifend tellus nec erat pulvinar dignissim. Nam non arcu purus. Vivamus et massa massa.",,,taxable,parent,0,,,0,0,,,,,0,,,45,,,,,,,woo-hoodie,,,,,,2,,,,,wpthemes,,,,,,,,Logo,No,,0,,,,,,,,,,
3392,variable,woo-polo,,Polo,1,0,visible,"Pellentesque habitant morbi tristique senectus et netus et malesuada fames ac turpis egestas. Vestibulum tortor quam, feugiat vitae, ultricies eget, tempor sit amet, ante. Donec eu libero sit amet quam egestas semper. Aenean ultricies mi vitae est. Mauris placerat eleifend leo.","Pellentesque habitant morbi tristique senectus et netus et malesuada fames ac turpis egestas. Vestibulum tortor quam, feugiat vitae, ultricies eget, tempor sit amet, ante. Donec eu libero sit amet quam egestas semper. Aenean ultricies mi vitae est. Mauris placerat eleifend leo.",,,taxable,,0,,,0,0,,,,,1,,,,"Mas vendidos, Productos nuevos",,,https://stayarta.com/wp-content/uploads/2021/01/p17.png,,,,,,,,,0,,,,1,wpthemes,11,1628180060,1,right,yes,yes,,,,,,,,,,,,,,,
3394,variation,,,"T-Shirt with Log - black, l",1,0,visible,,,,,taxable,parent,1,2,,0,0,,,,,0,,74,76,,,,https://stayarta.com/wp-content/uploads/2021/01/product16.png,,,Woo-tshirt-logo-1,,,,,,1,,,,,wpthemes,,,,,,,,pa_color,black,,1,,,,,pa_size,l,,1,,
3395,variation,,,"Polo - black, xxl",1,0,visible,,,,,taxable,parent,1,3,,0,0,,,,,0,,84,86,,,,https://stayarta.com/wp-content/uploads/2021/01/product16.png,,,woo-polo,,,,,,2,,,,,wpthemes,,,,,,,,pa_color,black,,1,,,,,pa_size,xxl,,1,,
3396,variation,,,"Polo - yellow, xl",1,0,visible,,,,,taxable,parent,1,5,,0,0,,,,,0,,98,100,,,,https://stayarta.com/wp-content/uploads/2021/01/p20.png,,,woo-polo,,,,,,5,,,,,wpthemes,,,,,,,,pa_color,yellow,,1,,,,,pa_size,xl,,1,,
3397,variation,,,"Beanie with Logo - gray, xxl",1,0,visible,,,,,taxable,parent,1,5,,0,0,,,,,0,,40,44,,,,https://stayarta.com/wp-content/uploads/2021/01/p9.png,,,Woo-beanie-logo,,,,,,6,,,,,wpthemes,,,,,,,,pa_color,gray,,1,,,,,pa_size,xxl,,1,,
